year,medicare_admin,revenue_code,hcpcs_code,modifier,facility_rate,non_facility_rate,pctc_ind,glob_surg,pre_op,intra_op,post_op_1,post_op_2,mult_proc,bilat_surg,asst_surg
2025,01112,05,76145,  ,0001339.81,0001339.81, ,3,A,0,0000000.00,0000000.00,9,0000000.00,0000000.00
2025,01112,09,76145,  ,0001354.42,0001354.42, ,3,A,0,0000000.00,0000000.00,9,0000000.00,0000000.00
2025,01112,51,76145,  ,0001238.71,0001238.71, ,3,A,0,0000000.00,0000000.00,9,0000000.00,0000000.00
2025,01112,52,76145,  ,0001340.22,0001340.22, ,3,A,0,0000000.00,0000000.00,9,0000000.00,0000000.00
2025,01112,53,76145,  ,0001237.87,0001237.87, ,3,A,0,0000000.00,0000000.00,9,0000000.00,0000000.00
2025,01112,54,76145,  ,0001037.27,0001037.27, ,3,A,0,0000000.00,0000000.00,9,0000000.00,0000000.00
2025,01112,55,76145,  ,0001035.59,0001035.59, ,3,A,0,0000000.00,0000000.00,9,0000000.00,0000000.00
2025,01112,56,76145,  ,0001035.59,0001035.59, ,3,A,0,0000000.00,0000000.00,9,0000000.00,0000000.00
2025,01112,57,76145,  ,0001035.59,0001035.59, ,3,A,0,0000000.00,0000000.00,9,0000000.00,0000000.00
2025,01112,58,76145,  ,0001035.59,0001035.59, ,3,A,0,0000000.00,0000000.00,9,0000000.00,0000000.00
2025,01112,59,76145,  ,0001035.59,0001035.59, ,3,A,0,0000000.00,0000000.00,9,0000000.00,0000000.00
2025,01112,60,76145,  ,0001035.59,0001035.59, ,3,A,0,0000000.00,0000000.00,9,0000000.00,0000000.00
2025,01112,61,76145,  ,0001035.59,0001035.59, ,3,A,0,0000000.00,0000000.00,9,0000000.00,0000000.00
2025,01112,62,76145,  ,0001041.06,0001041.06, ,3,A,0,0000000.00,0000000.00,9,0000000.00,0000000.00
2025,01112,63,76145,  ,0001094.74,0001094.74, ,3,A,0,0000000.00,0000000.00,9,0000000.00,0000000.00
2025,01112,64,76145,  ,0001103.20,0001103.20, ,3,A,0,0000000.00,0000000.00,9,0000000.00,0000000.00
2025,01112,65,76145,  ,0001356.73,0001356.73, ,3,A,0,0000000.00,0000000.00,9,0000000.00,0000000.00
2025,01112,66,76145,  ,0001144.51,0001144.51, ,3,A,0,0000000.00,0000000.00,9,0000000.00,0000000.00
2025,01112,67,76145,  ,0001166.11,0001166.11, ,3,A,0,0000000.00,0000000.00,9,0000000.00,0000000.00
2025,01112,68,76145,  ,0001035.59,0001035.59, ,3,A,0,0000000.00,0000000.00,9,0000000.00,0000000.00
2025,01112,69,76145,  ,0001035.59,0001035.59, ,3,A,0,0000000.00,0000000.00,9,0000000.00,0000000.00
2025,01112,70,76145,  ,0001035.59,0001035.59, ,3,A,0,0000000.00,0000000.00,9,0000000.00,0000000.00
2025,01112,75,76145,  ,0001035.59,0001035.59, ,3,A,0,0000000.00,0000000.00,9,0000000.00,0000000.00
2025,01182,17,76145,  ,0001121.60,0001121.60, ,3,A,0,0000000.00,0000000.00,9,0000000.00,0000000.00
2025,01182,18,76145,  ,0001132.57,0001132.57, ,3,A,0,0000000.00,0000000.00,9,0000000.00,0000000.00
2025,01182,71,76145,  ,0001035.75,0001035.75, ,3,A,0,0000000.00,0000000.00,9,0000000.00,0000000.00
2025,01182,72,76145,  ,0001127.81,0001127.81, ,3,A,0,0000000.00,0000000.00,9,0000000.00,0000000.00
2025,01182,73,76145,  ,0001072.21,0001072.21, ,3,A,0,0000000.00,0000000.00,9,0000000.00,0000000.00
2025,01182,74,76145,  ,0001112.59,0001112.59, ,3,A,0,0000000.00,0000000.00,9,0000000.00,0000000.00
2025,01212,01,76145,  ,0001088.19,0001088.19, ,3,A,0,0000000.00,0000000.00,9,0000000.00,0000000.00
2025,01312,00,76145,  ,0000952.94,0000952.94, ,3,A,0,0000000.00,0000000.00,9,0000000.00,0000000.00
2025,02102,01,76145,  ,0001024.85,0001024.85, ,3,A,0,0000000.00,0000000.00,9,0000000.00,0000000.00
2025,02202,00,76145,  ,0000860.23,0000860.23, ,3,A,0,0000000.00,0000000.00,9,0000000.00,0000000.00
2025,02302,01,76145,  ,0001047.09,0001047.09, ,3,A,0,0000000.00,0000000.00,9,0000000.00,0000000.00
2025,02302,99,76145,  ,0000936.48,0000936.48, ,3,A,0,0000000.00,0000000.00,9,0000000.00,0000000.00
2025,02402,02,76145,  ,0001159.67,0001159.67, ,3,A,0,0000000.00,0000000.00,9,0000000.00,0000000.00
2025,02402,99,76145,  ,0000989.83,0000989.83, ,3,A,0,0000000.00,0000000.00,9,0000000.00,0000000.00
2025,03102,00,76145,  ,0000929.63,0000929.63, ,3,A,0,0000000.00,0000000.00,9,0000000.00,0000000.00
2025,03202,01,76145,  ,0000955.15,0000955.15, ,3,A,0,0000000.00,0000000.00,9,0000000.00,0000000.00
2025,03302,01,76145,  ,0000947.55,0000947.55, ,3,A,0,0000000.00,0000000.00,9,0000000.00,0000000.00
2025,03402,02,76145,  ,0000945.32,0000945.32, ,3,A,0,0000000.00,0000000.00,9,0000000.00,0000000.00
2025,03502,09,76145,  ,0000891.45,0000891.45, ,3,A,0,0000000.00,0000000.00,9,0000000.00,0000000.00
2025,03602,21,76145,  ,0000951.21,0000951.21, ,3,A,0,0000000.00,0000000.00,9,0000000.00,0000000.00
2025,04112,01,76145,  ,0001002.43,0001002.43, ,3,A,0,0000000.00,0000000.00,9,0000000.00,0000000.00
2025,04212,05,76145,  ,0000871.96,0000871.96, ,3,A,0,0000000.00,0000000.00,9,0000000.00,0000000.00
2025,04312,00,76145,  ,0000850.08,0000850.08, ,3,A,0,0000000.00,0000000.00,9,0000000.00,0000000.00
2025,04412,09,76145,  ,0000957.77,0000957.77, ,3,A,0,0000000.00,0000000.00,9,0000000.00,0000000.00
2025,04412,11,76145,  ,0000960.06,0000960.06, ,3,A,0,0000000.00,0000000.00,9,0000000.00,0000000.00
2025,04412,15,76145,  ,0000953.12,0000953.12, ,3,A,0,0000000.00,0000000.00,9,0000000.00,0000000.00
2025,04412,18,76145,  ,0000965.08,0000965.08, ,3,A,0,0000000.00,0000000.00,9,0000000.00,0000000.00
2025,04412,20,76145,  ,0000863.56,0000863.56, ,3,A,0,0000000.00,0000000.00,9,0000000.00,0000000.00
2025,04412,28,76145,  ,0000952.02,0000952.02, ,3,A,0,0000000.00,0000000.00,9,0000000.00,0000000.00
2025,04412,31,76145,  ,0000997.29,0000997.29, ,3,A,0,0000000.00,0000000.00,9,0000000.00,0000000.00
2025,04412,99,76145,  ,0000902.78,0000902.78, ,3,A,0,0000000.00,0000000.00,9,0000000.00,0000000.00
2025,05102,00,76145,  ,0000864.86,0000864.86, ,3,A,0,0000000.00,0000000.00,9,0000000.00,0000000.00
2025,05202,00,76145,  ,0000859.66,0000859.66, ,3,A,0,0000000.00,0000000.00,9,0000000.00,0000000.00
2025,05302,01,76145,  ,0000910.34,0000910.34, ,3,A,0,0000000.00,0000000.00,9,0000000.00,0000000.00
2025,05302,02,76145,  ,0000906.55,0000906.55, ,3,A,0,0000000.00,0000000.00,9,0000000.00,0000000.00
2025,05302,99,76145,  ,0000822.69,0000822.69, ,3,A,0,0000000.00,0000000.00,9,0000000.00,0000000.00
2025,05402,00,76145,  ,0000866.10,0000866.10, ,3,A,0,0000000.00,0000000.00,9,0000000.00,0000000.00
2025,06102,12,76145,  ,0000891.45,0000891.45, ,3,A,0,0000000.00,0000000.00,9,0000000.00,0000000.00
2025,06102,15,76145,  ,0001009.76,0001009.76, ,3,A,0,0000000.00,0000000.00,9,0000000.00,0000000.00
2025,06102,16,76145,  ,0000993.91,0000993.91, ,3,A,0,0000000.00,0000000.00,9,0000000.00,0000000.00
2025,06102,99,76145,  ,0000879.17,0000879.17, ,3,A,0,0000000.00,0000000.00,9,0000000.00,0000000.00
2025,06202,00,76145,  ,0000967.44,0000967.44, ,3,A,0,0000000.00,0000000.00,9,0000000.00,0000000.00
2025,06302,00,76145,  ,0000904.10,0000904.10, ,3,A,0,0000000.00,0000000.00,9,0000000.00,0000000.00
2025,07102,13,76145,  ,0000816.10,0000816.10, ,3,A,0,0000000.00,0000000.00,9,0000000.00,0000000.00
2025,07202,01,76145,  ,0000897.05,0000897.05, ,3,A,0,0000000.00,0000000.00,9,0000000.00,0000000.00
2025,07202,99,76145,  ,0000843.48,0000843.48, ,3,A,0,0000000.00,0000000.00,9,0000000.00,0000000.00
2025,07302,00,76145,  ,0000812.71,0000812.71, ,3,A,0,0000000.00,0000000.00,9,0000000.00,0000000.00
2025,08102,00,76145,  ,0000873.78,0000873.78, ,3,A,0,0000000.00,0000000.00,9,0000000.00,0000000.00
2025,08202,01,76145,  ,0000954.21,0000954.21, ,3,A,0,0000000.00,0000000.00,9,0000000.00,0000000.00
2025,08202,99,76145,  ,0000874.80,0000874.80, ,3,A,0,0000000.00,0000000.00,9,0000000.00,0000000.00
2025,09102,03,76145,  ,0000966.34,0000966.34, ,3,A,0,0000000.00,0000000.00,9,0000000.00,0000000.00
2025,09102,04,76145,  ,0001005.61,0001005.61, ,3,A,0,0000000.00,0000000.00,9,0000000.00,0000000.00
2025,09102,99,76145,  ,0000906.88,0000906.88, ,3,A,0,0000000.00,0000000.00,9,0000000.00,0000000.00
2025,09202,20,76145,  ,0000961.79,0000961.79, ,3,A,0,0000000.00,0000000.00,9,0000000.00,0000000.00
2025,09202,50,76145,  ,0000961.79,0000961.79, ,3,A,0,0000000.00,0000000.00,9,0000000.00,0000000.00
2025,10112,00,76145,  ,0000825.49,0000825.49, ,3,A,0,0000000.00,0000000.00,9,0000000.00,0000000.00
2025,10212,01,76145,  ,0000954.81,0000954.81, ,3,A,0,0000000.00,0000000.00,9,0000000.00,0000000.00
2025,10212,99,76145,  ,0000847.71,0000847.71, ,3,A,0,0000000.00,0000000.00,9,0000000.00,0000000.00
                                                                                  2025,10312,35,76145,  ,0000850.34,0000850.34, ,3,A,0,0000000.00,0000000.00,9,0000000.00,0000000.00
2025,11202,01,76145,  ,0000870.80,0000870.80, ,3,A,0,0000000.00,0000000.00,9,0000000.00,0000000.00
2025,11302,00,76145,  ,0000936.45,0000936.45, ,3,A,0,0000000.00,0000000.00,9,0000000.00,0000000.00
2025,11402,16,76145,  ,0000831.42,0000831.42, ,3,A,0,0000000.00,0000000.00,9,0000000.00,0000000.00
2025,11502,00,76145,  ,0000880.50,0000880.50, ,3,A,0,0000000.00,0000000.00,9,0000000.00,0000000.00
2025,12102,01,76145,  ,0000947.16,0000947.16, ,3,A,0,0000000.00,0000000.00,9,0000000.00,0000000.00
2025,12202,01,76145,  ,0001138.58,0001138.58, ,3,A,0,0000000.00,0000000.00,9,0000000.00,0000000.00
2025,12302,01,76145,  ,0001033.86,0001033.86, ,3,A,0,0000000.00,0000000.00,9,0000000.00,0000000.00
2025,12302,99,76145,  ,0000970.09,0000970.09, ,3,A,0,0000000.00,0000000.00,9,0000000.00,0000000.00
2025,12402,01,76145,  ,0001117.55,0001117.55, ,3,A,0,0000000.00,0000000.00,9,0000000.00,0000000.00
2025,12402,99,76145,  ,0001056.19,0001056.19, ,3,A,0,0000000.00,0000000.00,9,0000000.00,0000000.00
2025,12502,01,76145,  ,0001008.20,0001008.20, ,3,A,0,0000000.00,0000000.00,9,0000000.00,0000000.00
2025,12502,99,76145,  ,0000885.73,0000885.73, ,3,A,0,0000000.00,0000000.00,9,0000000.00,0000000.00
2025,13102,00,76145,  ,0001044.38,0001044.38, ,3,A,0,0000000.00,0000000.00,9,0000000.00,0000000.00
2025,13202,01,76145,  ,0001122.21,0001122.21, ,3,A,0,0000000.00,0000000.00,9,0000000.00,0000000.00
2025,13202,02,76145,  ,0001158.35,0001158.35, ,3,A,0,0000000.00,0000000.00,9,0000000.00,0000000.00
2025,13202,03,76145,  ,0001059.49,0001059.49, ,3,A,0,0000000.00,0000000.00,9,0000000.00,0000000.00
2025,13282,99,76145,  ,0000903.20,0000903.20, ,3,A,0,0000000.00,0000000.00,9,0000000.00,0000000.00
2025,13292,04,76145,  ,0001146.25,0001146.25, ,3,A,0,0000000.00,0000000.00,9,0000000.00,0000000.00
2025,14112,03,76145,  ,0000961.11,0000961.11, ,3,A,0,0000000.00,0000000.00,9,0000000.00,0000000.00
2025,14112,99,76145,  ,0000868.05,0000868.05, ,3,A,0,0000000.00,0000000.00,9,0000000.00,0000000.00
2025,14212,01,76145,  ,0001138.75,0001138.75, ,3,A,0,0000000.00,0000000.00,9,0000000.00,0000000.00
2025,14212,99,76145,  ,0001009.43,0001009.43, ,3,A,0,0000000.00,0000000.00,9,0000000.00,0000000.00
2025,14312,40,76145,  ,0000985.76,0000985.76, ,3,A,0,0000000.00,0000000.00,9,0000000.00,0000000.00
2025,14412,01,76145,  ,0000989.65,0000989.65, ,3,A,0,0000000.00,0000000.00,9,0000000.00,0000000.00
2025,14512,50,76145,  ,0000940.99,0000940.99, ,3,A,0,0000000.00,0000000.00,9,0000000.00,0000000.00
2025,15102,00,76145,  ,0000838.58,0000838.58, ,3,A,0,0000000.00,0000000.00,9,0000000.00,0000000.00
2025,15202,00,76145,  ,0000872.49,0000872.49, ,3,A,0,0000000.00,0000000.00,9,0000000.00,0000000.00
